url,file,type,line
"https://github.com/microsoft/vscode-extension-samples/blob/main/webview-sample/src/extension.ts","src/activate/registerCommands.ts","external_api",226
"https://stackoverflow.com/questions/58365687/vscode-extension-iconpath","src/activate/registerCommands.ts","external_api",252
"https://custom.anthropic.com","src/api/providers/__tests__/anthropic.spec.ts","external_api",97
"https://custom.anthropic.com","src/api/providers/__tests__/anthropic.spec.ts","external_api",127
"https://bedrock-vpc.example.com","src/api/providers/__tests__/bedrock-vpc-endpoint.spec.ts","external_api",47
"https://bedrock-vpc.example.com","src/api/providers/__tests__/bedrock-vpc-endpoint.spec.ts","external_api",55
"https://bedrock-vpc.example.com","src/api/providers/__tests__/bedrock-vpc-endpoint.spec.ts","external_api",67
"https://bedrock-vpc.example.com","src/api/providers/__tests__/bedrock-vpc-endpoint.spec.ts","external_api",166
"https://bedrock-vpc.example.com","src/api/providers/__tests__/bedrock-vpc-endpoint.spec.ts","external_api",174
"https://llm.chutes.ai/v1","src/api/providers/__tests__/chutes.spec.ts","external_api",65
"https://api.deepseek.com","src/api/providers/__tests__/deepseek.spec.ts","external_api",87
"https://api.deepseek.com","src/api/providers/__tests__/deepseek.spec.ts","external_api",125
"https://custom.deepseek.com/v1","src/api/providers/__tests__/deepseek.spec.ts","external_api",131
"https://api.groq.com/openai/v1","src/api/providers/__tests__/groq.spec.ts","external_api",32
"http://localhost:1234","src/api/providers/__tests__/lmstudio.spec.ts","local",74
"https://custom.mistral.ai/v1","src/api/providers/__tests__/mistral.spec.ts","external_api",65
"http://localhost:11434/v1","src/api/providers/__tests__/ollama.spec.ts","local",76
"https://api.openai.com/v1","src/api/providers/__tests__/openai-usage-tracking.spec.ts","external_api",99
"https://api.openai.com/v1","src/api/providers/__tests__/openai.spec.ts","external_api",78
"https://custom.openai.com/v1","src/api/providers/__tests__/openai.spec.ts","external_api",91
"https://github.com/RooVetGit/Roo-Cline","src/api/providers/__tests__/openai.spec.ts","external_api",105
"https://test.services.ai.azure.com","src/api/providers/__tests__/openai.spec.ts","external_api",400
"https://api.x.ai/v1","src/api/providers/__tests__/openai.spec.ts","external_api",519
"https://test.services.ai.azure.com","src/api/providers/__tests__/openai.spec.ts","external_api",724
"https://test.services.ai.azure.com","src/api/providers/__tests__/openai.spec.ts","external_api",753
"https://openrouter.ai/api/v1","src/api/providers/__tests__/openrouter.spec.ts","external_api",60
"https://github.com/RooVetGit/Roo-Cline","src/api/providers/__tests__/openrouter.spec.ts","external_api",63
"https://router.requesty.ai/v1","src/api/providers/__tests__/requesty.spec.ts","external_api",57
"https://github.com/RooVetGit/Roo-Cline","src/api/providers/__tests__/requesty.spec.ts","external_api",60
"https://api.x.ai/v1","src/api/providers/__tests__/xai.spec.ts","external_api",36
"https://docs.anthropic.com/en/api/claude-on-vertex-ai","src/api/providers/anthropic-vertex.ts","documentation",23
"https://cloud.google.com/vertex-ai/generative-ai/docs/partner-models/use-claude#regions","src/api/providers/anthropic-vertex.ts","documentation",33
"https://www.googleapis.com/auth/cloud-platform","src/api/providers/anthropic-vertex.ts","external_api",42
"https://www.googleapis.com/auth/cloud-platform","src/api/providers/anthropic-vertex.ts","external_api",51
"https://x.com/alexalbert__/status/1823751995901272068","src/api/providers/anthropic.ts","external_api",101
"https://github.com/anthropics/anthropic-sdk-typescript?tab=readme-ov-file#default-headers","src/api/providers/anthropic.ts","external_api",102
"https://github.com/anthropics/anthropic-sdk-typescript/commit/c920b77fc67bd839bfeb6716ceab9d7c9bbe7393","src/api/providers/anthropic.ts","external_api",103
"https://llm.chutes.ai/v1","src/api/providers/chutes.ts","external_api",18
"https://github.com/RooVetGit/Roo-Cline","src/api/providers/constants.ts","external_api",2
"https://api.deepseek.com","src/api/providers/deepseek.ts","external_api",16
"https://openrouter.ai:443","src/api/providers/fetchers/__tests__/fixtures/openrouter-model-endpoints.json","external_api",3
"https://openrouter.ai:443","src/api/providers/fetchers/__tests__/fixtures/openrouter-models.json","external_api",3
"http://localhost:4000/","src/api/providers/fetchers/__tests__/litellm.spec.ts","local",30
"http://localhost:4000/v1/model/info","src/api/providers/fetchers/__tests__/litellm.spec.ts","local",32
"http://localhost:4000","src/api/providers/fetchers/__tests__/litellm.spec.ts","local",82
"http://localhost:4000/v1/model/info","src/api/providers/fetchers/__tests__/litellm.spec.ts","local",84
"http://localhost:4000","src/api/providers/fetchers/__tests__/litellm.spec.ts","local",126
"http://localhost:4000/v1/model/info","src/api/providers/fetchers/__tests__/litellm.spec.ts","local",128
"http://localhost:4000","src/api/providers/fetchers/__tests__/litellm.spec.ts","local",171
"http://localhost:4000","src/api/providers/fetchers/__tests__/litellm.spec.ts","local",206
"http://localhost:4000","src/api/providers/fetchers/__tests__/litellm.spec.ts","local",223
"http://invalid-url","src/api/providers/fetchers/__tests__/litellm.spec.ts","external_api",237
"http://localhost:4000","src/api/providers/fetchers/__tests__/litellm.spec.ts","local",248
"http://localhost:4000","src/api/providers/fetchers/__tests__/litellm.spec.ts","local",257
"http://localhost:4000/v1/model/info","src/api/providers/fetchers/__tests__/litellm.spec.ts","local",260
"http://localhost:4000","src/api/providers/fetchers/__tests__/litellm.spec.ts","local",276
"http://localhost:4000","src/api/providers/fetchers/__tests__/litellm.spec.ts","local",317
"http://localhost:4000","src/api/providers/fetchers/__tests__/litellm.spec.ts","local",391
"http://localhost:4000","src/api/providers/fetchers/__tests__/litellm.spec.ts","local",473
"http://localhost:1234","src/api/providers/fetchers/__tests__/lmstudio.test.ts","local",76
"http://localhost:1234","src/api/providers/fetchers/__tests__/lmstudio.test.ts","local",147
"https://securehost:4321","src/api/providers/fetchers/__tests__/lmstudio.test.ts","external_api",159
"http://localhost:invalid:port","src/api/providers/fetchers/__tests__/lmstudio.test.ts","local",171
"http://localhost:4000","src/api/providers/fetchers/__tests__/modelCache.spec.ts","local",65
"http://localhost:4000","src/api/providers/fetchers/__tests__/modelCache.spec.ts","local",68
"http://localhost:4000","src/api/providers/fetchers/__tests__/modelCache.spec.ts","local",148
"http://localhost:11434","src/api/providers/fetchers/__tests__/ollama.test.ts","local",63
"http://localhost:11434","src/api/providers/fetchers/__tests__/ollama.test.ts","local",127
"http://localhost:11434","src/api/providers/fetchers/__tests__/ollama.test.ts","local",140
"http://localhost:11434","src/api/providers/fetchers/__tests__/ollama.test.ts","local",159
"https://glama.ai/api/gateway/v1/models","src/api/providers/fetchers/glama.ts","external_api",11
"http://localhost:1234","src/api/providers/fetchers/lmstudio.ts","local",21
"http://localhost:1234","src/api/providers/fetchers/lmstudio.ts","local",23
"http://localhost:11434","src/api/providers/fetchers/ollama.ts","local",57
"http://localhost:11434","src/api/providers/fetchers/ollama.ts","local",61
"https://openrouter.ai/api/v1","src/api/providers/fetchers/openrouter.ts","external_api",98
"https://openrouter.ai/api/v1","src/api/providers/fetchers/openrouter.ts","external_api",138
"https://router.requesty.ai/v1/models","src/api/providers/fetchers/requesty.ts","external_api",17
"https://api.getunbound.ai/models","src/api/providers/fetchers/unbound.ts","external_api",15
"https://glama.ai/api/gateway/openai/v1","src/api/providers/glama.ts","external_api",28
"https://glama.ai/api/gateway/v1/completion-requests/$","src/api/providers/glama.ts","external_api",93
"https://api.groq.com/openai/v1","src/api/providers/groq.ts","external_api",12
"http://localhost:4000","src/api/providers/lite-llm.ts","local",27
"http://localhost:1234","src/api/providers/lm-studio.ts","local",25
"http://localhost:1234","src/api/providers/lm-studio.ts","local",165
"https://codestral.mistral.ai","src/api/providers/mistral.ts","external_api",31
"https://api.mistral.ai","src/api/providers/mistral.ts","external_api",32
"http://localhost:11434","src/api/providers/ollama.ts","local",27
"https://api.openai.com/v1","src/api/providers/openai.ts","external_api",38
"https://github.com/openai/openai-node?tab=readme-ov-file#microsoft-azure-openai","src/api/providers/openai.ts","external_api",59
"https://openrouter.ai/docs/use-cases/reasoning-tokens","src/api/providers/openrouter.ts","documentation",33
"https://openrouter.ai/docs/use-cases/usage-accounting","src/api/providers/openrouter.ts","documentation",39
"https://openrouter.ai/api/v1","src/api/providers/openrouter.ts","external_api",66
"https://openrouter.ai/docs/features/prompt-caching","src/api/providers/openrouter.ts","documentation",103
"https://openrouter.ai/docs/transforms","src/api/providers/openrouter.ts","documentation",115
"https://router.requesty.ai/v1","src/api/providers/requesty.ts","external_api",50
"https://api.getunbound.ai/v1","src/api/providers/unbound.ts","external_api",47
"https://api.x.ai/v1","src/api/providers/xai.ts","external_api",26
"https://example.com/image.jpg","src/api/transform/__tests__/gemini-format.spec.ts","external_api",93
"https://github.com/RooCodeInc/Roo-Code/issues/4147","src/core/condense/index.ts","external_api",221
"https://code.visualstudio.com/api/references/vscode-api#ExtensionContext.globalState","src/core/config/ContextProxy.ts","external_api",103
"https://code.visualstudio.com/api/references/vscode-api#ExtensionContext.secrets","src/core/config/ContextProxy.ts","external_api",133
"https://old-url.com","src/core/config/__tests__/ContextProxy.spec.ts","external_api",298
"https://old-url.com","src/core/config/__tests__/ContextProxy.spec.ts","external_api",333
"http://localhost:11434","src/core/config/__tests__/importExport.spec.ts","local",616
"http://localhost:11434","src/core/config/__tests__/importExport.spec.ts","local",628
"https://custom-openai-api.example.com/v1","src/core/config/__tests__/importExport.spec.ts","external_api",630
"https://api.example.com/v1","src/core/config/__tests__/importExport.spec.ts","external_api",675
"https://api.example.com/v1","src/core/config/__tests__/importExport.spec.ts","external_api",695
"http://localhost:11434","src/core/config/__tests__/importExport.spec.ts","local",715
"http://localhost:11434","src/core/config/__tests__/importExport.spec.ts","local",731
"https://openai-compatible.example.com/v1","src/core/config/__tests__/importExport.spec.ts","external_api",733
"https://openai-compatible.example.com/v1","src/core/config/__tests__/importExport.spec.ts","external_api",750
"http://localhost:11434","src/core/config/__tests__/importExport.spec.ts","local",757
"https://fallback.example.com/v1","src/core/config/__tests__/importExport.spec.ts","external_api",784
"https://api.openai.com/v1","src/core/config/__tests__/importExport.spec.ts","external_api",830
"https://fallback.example.com/v1","src/core/config/__tests__/importExport.spec.ts","external_api",872
"https://old-url.example.com/v1","src/core/config/__tests__/importExport.spec.ts","external_api",908
"https://imported-url.example.com/v1","src/core/config/__tests__/importExport.spec.ts","external_api",920
"https://imported-url.example.com/v1","src/core/config/__tests__/importExport.spec.ts","external_api",923
"https://imported-url.example.com/v1","src/core/config/__tests__/importExport.spec.ts","external_api",958
"https://old-url.example.com/v1","src/core/config/__tests__/importExport.spec.ts","external_api",969
"https://api.openai.com/v1","src/core/config/__tests__/importExport.spec.ts","external_api",1044
"https://api.example.com/v1","src/core/config/__tests__/importExport.spec.ts","external_api",1104
"https://api.example.com/v1","src/core/config/__tests__/importExport.spec.ts","external_api",1107
"https://api.example.com/v1","src/core/config/__tests__/importExport.spec.ts","external_api",1167
"https://api.example.com/v1","src/core/config/__tests__/importExport.spec.ts","external_api",1198
"https://api.example.com/v1","src/core/config/__tests__/importExport.spec.ts","external_api",1200
"https://api.example.com/v1","src/core/config/__tests__/importExport.spec.ts","external_api",1273
"https://api.example.com/v1","src/core/config/__tests__/importExport.spec.ts","external_api",1280
"https://api-a.example.com/v1","src/core/config/__tests__/importExport.spec.ts","external_api",1320
"https://api-a.example.com/v1","src/core/config/__tests__/importExport.spec.ts","external_api",1336
"https://api-a.example.com/v1","src/core/config/__tests__/importExport.spec.ts","external_api",1382
"https://new-url.example.com/v1","src/core/config/__tests__/importExport.spec.ts","external_api",1414
"https://new-url.example.com/v1","src/core/config/__tests__/importExport.spec.ts","external_api",1417
"https://new-url.example.com/v1","src/core/config/__tests__/importExport.spec.ts","external_api",1457
"https://updated.example.com/v1","src/core/config/__tests__/importExport.spec.ts","external_api",1499
"https://updated.example.com/v1","src/core/config/__tests__/importExport.spec.ts","external_api",1502
"https://updated.example.com/v1","src/core/config/__tests__/importExport.spec.ts","external_api",1543
"https://custom-api.example.com/v1","src/core/config/__tests__/importExport.spec.ts","external_api",1589
"https://custom-api.example.com/v1","src/core/config/__tests__/importExport.spec.ts","external_api",1592
"https://custom-api.example.com/v1","src/core/config/__tests__/importExport.spec.ts","external_api",1614
"https://www.reddit.com/r/RooCode/)","src/core/diff/strategies/__tests__/multi-search-replace.spec.ts","external_api",858
"https://discord.gg/roocode).","src/core/diff/strategies/__tests__/multi-search-replace.spec.ts","external_api",858
"https://www.reddit.com/r/RooCode/)","src/core/diff/strategies/__tests__/multi-search-replace.spec.ts","external_api",861
"https://discord.gg/roocode).","src/core/diff/strategies/__tests__/multi-search-replace.spec.ts","external_api",861
"https://www.reddit.com/r/RooCode/)","src/core/diff/strategies/__tests__/multi-search-replace.spec.ts","external_api",863
"https://discord.gg/roocode).","src/core/diff/strategies/__tests__/multi-search-replace.spec.ts","external_api",863
"https://www.reddit.com/r/RooCode/)","src/core/diff/strategies/__tests__/multi-search-replace.spec.ts","external_api",872
"https://discord.gg/roocode).","src/core/diff/strategies/__tests__/multi-search-replace.spec.ts","external_api",872
"https://example.com","src/core/mentions/__tests__/index.spec.ts","external_api",40
"https://example.com:","src/core/mentions/__tests__/index.spec.ts","external_api",42
"https://nonexistent.example","src/core/mentions/__tests__/index.spec.ts","external_api",51
"https://example.com","src/core/mentions/__tests__/index.spec.ts","external_api",61
"https://example.com","src/core/mentions/__tests__/index.spec.ts","external_api",71
"https://example.com/missing","src/core/mentions/__tests__/index.spec.ts","external_api",81
"https://example.com","src/core/mentions/__tests__/index.spec.ts","external_api",91
"https://example.com","src/core/mentions/__tests__/index.spec.ts","external_api",101
"https://example.com","src/core/mentions/__tests__/index.spec.ts","external_api",111
"https://example.com:","src/core/mentions/__tests__/index.spec.ts","external_api",114
"https://example.com","src/core/mentions/__tests__/index.spec.ts","external_api",125
"https://example.com:","src/core/mentions/__tests__/index.spec.ts","external_api",128
"https://example.com","src/core/mentions/__tests__/index.spec.ts","external_api",136
"https://example.com","src/core/mentions/__tests__/index.spec.ts","external_api",139
"https://example1.com","src/core/mentions/__tests__/index.spec.ts","external_api",150
"https://example2.com","src/core/mentions/__tests__/index.spec.ts","external_api",150
"https://example1.com","src/core/mentions/__tests__/index.spec.ts","external_api",155
"https://example2.com","src/core/mentions/__tests__/index.spec.ts","external_api",157
"https://api.example.com/mcp","src/core/prompts/instructions/create-mcp-server.ts","external_api",40
"http://api.openweathermap.org/data/2.5","src/core/prompts/instructions/create-mcp-server.ts","external_api",132
"http://localhost:3000/page,","src/core/prompts/tools/browser-action.ts","local",17
"https://example.com","src/core/prompts/tools/browser-action.ts","external_api",33
"https://example.com","src/core/prompts/tools/browser-action.ts","external_api",48
"https://example.com","src/core/prompts/tools/browser-action.ts","external_api",51
"https://api.example.com","src/core/prompts/tools/write-to-file.ts","external_api",24
"https://github.com/cline/cline/wiki/Troubleshooting-%E2%80%90-Cline-Deleting-Code-with-%22Rest-of-Code-Here%22-Comments","src/core/tools/writeToFileTool.ts","external_api",192
"https://github.com/microsoft/vscode-webview-ui-toolkit-samples/blob/main/default/weather-webview/src/providers/WeatherViewProvider.ts","src/core/webview/ClineProvider.ts","external_api",74
"https://github.com/KumarVariable/vscode-extension-sidebar-html/blob/master/src/customSidebarViewProvider.ts","src/core/webview/ClineProvider.ts","external_api",75
"https://vscode-docs.readthedocs.io/en/stable/extensions/patterns-and-principles/","src/core/webview/ClineProvider.ts","documentation",245
"https://github.com/microsoft/vscode-extension-samples/blob/main/webview-sample/src/extension.ts","src/core/webview/ClineProvider.ts","external_api",246
"https://github.com/microsoft/vscode-discussions/discussions/840","src/core/webview/ClineProvider.ts","external_api",463
"http://$","src/core/webview/ClineProvider.ts","external_api",636
"http://$","src/core/webview/ClineProvider.ts","external_api",662
"http://localhost:$","src/core/webview/ClineProvider.ts","local",666
"https://*","src/core/webview/ClineProvider.ts","external_api",677
"http://$","src/core/webview/ClineProvider.ts","external_api",677
"http://0.0.0.0:$","src/core/webview/ClineProvider.ts","local",677
"https://storage.googleapis.com","src/core/webview/ClineProvider.ts","external_api",678
"https://img.clerk.com","src/core/webview/ClineProvider.ts","external_api",678
"https://*","src/core/webview/ClineProvider.ts","external_api",680
"https://*.posthog.com","src/core/webview/ClineProvider.ts","external_api",680
"http://$","src/core/webview/ClineProvider.ts","external_api",680
"http://0.0.0.0:$","src/core/webview/ClineProvider.ts","local",680
"https://*","src/core/webview/ClineProvider.ts","external_api",681
"https://*.posthog.com","src/core/webview/ClineProvider.ts","external_api",681
"http://$","src/core/webview/ClineProvider.ts","external_api",681
"http://0.0.0.0:$","src/core/webview/ClineProvider.ts","local",681
"https://storage.googleapis.com","src/core/webview/ClineProvider.ts","external_api",763
"https://img.clerk.com","src/core/webview/ClineProvider.ts","external_api",763
"https://us-assets.i.posthog.com","src/core/webview/ClineProvider.ts","external_api",763
"https://openrouter.ai","src/core/webview/ClineProvider.ts","external_api",763
"https://api.requesty.ai","src/core/webview/ClineProvider.ts","external_api",763
"https://us.i.posthog.com","src/core/webview/ClineProvider.ts","external_api",763
"https://us-assets.i.posthog.com;","src/core/webview/ClineProvider.ts","external_api",763
"https://openrouter.ai/api/v1","src/core/webview/ClineProvider.ts","external_api",1048
"https://openrouter.ai","src/core/webview/ClineProvider.ts","external_api",1050
"https://glama.ai/api/gateway/v1/auth/exchange-code","src/core/webview/ClineProvider.ts","external_api",1079
"http://localhost:6333","src/core/webview/ClineProvider.ts","local",1514
"https://dev.to/kompotkot/how-to-use-secretstorage-in-your-vscode-extensions-2hco","src/core/webview/ClineProvider.ts","external_api",1530
"https://www.eliostruyf.com/devhack-code-extension-storage-options/","src/core/webview/ClineProvider.ts","external_api",1531
"http://localhost:6333","src/core/webview/ClineProvider.ts","local",1672
"http://localhost:9222","src/core/webview/__tests__/ClineProvider.spec.ts","local",73
"http://localhost:9222","src/core/webview/__tests__/ClineProvider.spec.ts","local",91
"http://localhost:9222","src/core/webview/__tests__/ClineProvider.spec.ts","local",93
"https://app.roocode.com","src/core/webview/__tests__/ClineProvider.spec.ts","external_api",323
"https://openrouter.ai","src/core/webview/__tests__/ClineProvider.spec.ts","external_api",475
"https://api.requesty.ai","src/core/webview/__tests__/ClineProvider.spec.ts","external_api",475
"https://us.i.posthog.com","src/core/webview/__tests__/ClineProvider.spec.ts","external_api",475
"https://us-assets.i.posthog.com","src/core/webview/__tests__/ClineProvider.spec.ts","external_api",475
"http://localhost:9222","src/core/webview/__tests__/ClineProvider.spec.ts","local",1848
"http://inlocalhost:9222","src/core/webview/__tests__/ClineProvider.spec.ts","local",1866
"http://localhost:4000","src/core/webview/__tests__/ClineProvider.spec.ts","local",2334
"http://localhost:4000","src/core/webview/__tests__/ClineProvider.spec.ts","local",2366
"http://localhost:4000","src/core/webview/__tests__/ClineProvider.spec.ts","local",2395
"http://message-url:4000","src/core/webview/__tests__/ClineProvider.spec.ts","external_api",2483
"http://message-url:4000","src/core/webview/__tests__/ClineProvider.spec.ts","external_api",2491
"http://localhost:4000","src/core/webview/__tests__/webviewMessageHandler.spec.ts","local",103
"http://localhost:4000","src/core/webview/__tests__/webviewMessageHandler.spec.ts","local",138
"http://message-url:4000","src/core/webview/__tests__/webviewMessageHandler.spec.ts","external_api",182
"http://message-url:4000","src/core/webview/__tests__/webviewMessageHandler.spec.ts","external_api",190
"http://message-url","src/core/webview/__tests__/webviewMessageHandler.spec.ts","external_api",360
"http://localhost:4000","src/core/webview/__tests__/webviewMessageHandler.spec.ts","local",368
"https://github.com/microsoft/vscode-webview-ui-toolkit","src/extension.ts","external_api",44
"https://github.com/microsoft/vscode-webview-ui-toolkit-samples/tree/main/default/weather-webview","src/extension.ts","external_api",47
"https://github.com/microsoft/vscode-webview-ui-toolkit-samples/tree/main/frameworks/hello-world-react-cra","src/extension.ts","external_api",48
"https://code.visualstudio.com/api/extension-guides/virtual-documents","src/extension.ts","external_api",153
"https://github.com/cline/cline/pull/3354","src/integrations/editor/DiffViewProvider.ts","external_api",20
"https://roocode.com/","src/integrations/misc/__tests__/extract-text-from-xlsx.test.ts","external_api",156
"https://roocode.com/)","src/integrations/misc/__tests__/extract-text-from-xlsx.test.ts","external_api",161
"https://github.com/BorisChumichev/node-nthline","src/integrations/misc/read-lines.ts","external_api",4
"https://wiki.gnome.org/Apps/Terminal/VTE","src/integrations/terminal/Terminal.ts","external_api",158
"https://github.com/sindresorhus/execa/blob/main/lib/methods/promise.js","src/integrations/terminal/mergePromise.ts","external_api",5
"https://github.com/RooCodeInc/Roo-Code","src/package.json","external_api",21
"https://github.com/RooCodeInc/Roo-Code","src/package.json","external_api",23
"http://localhost:3000/path","src/services/browser/BrowserSession.ts","local",308
"https://example.com/path","src/services/browser/BrowserSession.ts","external_api",309
"https://stackoverflow.com/questions/52497252/puppeteer-wait-until-page-is-completely-loaded/61304202#61304202","src/services/browser/BrowserSession.ts","external_api",424
"https://example.com","src/services/browser/__tests__/BrowserSession.spec.ts","external_api",24
"http://remote-browser:9222","src/services/browser/__tests__/BrowserSession.spec.ts","external_api",137
"http://remote-browser:9222","src/services/browser/__tests__/BrowserSession.spec.ts","external_api",163
"https://example.com","src/services/browser/__tests__/UrlContentFetcher.spec.ts","external_api",175
"https://example.com","src/services/browser/__tests__/UrlContentFetcher.spec.ts","external_api",177
"https://example.com","src/services/browser/__tests__/UrlContentFetcher.spec.ts","external_api",188
"https://example.com","src/services/browser/__tests__/UrlContentFetcher.spec.ts","external_api",191
"https://example.com","src/services/browser/__tests__/UrlContentFetcher.spec.ts","external_api",195
"https://example.com","src/services/browser/__tests__/UrlContentFetcher.spec.ts","external_api",206
"https://example.com","src/services/browser/__tests__/UrlContentFetcher.spec.ts","external_api",217
"https://example.com","src/services/browser/__tests__/UrlContentFetcher.spec.ts","external_api",227
"https://example.com","src/services/browser/__tests__/UrlContentFetcher.spec.ts","external_api",234
"https://example.com","src/services/browser/__tests__/UrlContentFetcher.spec.ts","external_api",242
"https://example.com","src/services/browser/__tests__/UrlContentFetcher.spec.ts","external_api",252
"https://example.com","src/services/browser/__tests__/UrlContentFetcher.spec.ts","external_api",262
"https://example.com","src/services/browser/__tests__/UrlContentFetcher.spec.ts","external_api",273
"http://$","src/services/browser/browserDiscovery.ts","external_api",126
"http://localhost:$","src/services/browser/browserDiscovery.ts","local",150
"http://127.0.0.1:$","src/services/browser/browserDiscovery.ts","local",150
"http://localhost:6333","src/services/code-index/__tests__/config-manager.spec.ts","local",54
"http://qdrant.local","src/services/code-index/__tests__/config-manager.spec.ts","external_api",64
"http://qdrant.local","src/services/code-index/__tests__/config-manager.spec.ts","external_api",86
"http://qdrant.local","src/services/code-index/__tests__/config-manager.spec.ts","external_api",95
"https://api.example.com/v1","src/services/code-index/__tests__/config-manager.spec.ts","external_api",99
"https://api.example.com/v1","src/services/code-index/__tests__/config-manager.spec.ts","external_api",121
"http://qdrant.local","src/services/code-index/__tests__/config-manager.spec.ts","external_api",124
"http://qdrant.local","src/services/code-index/__tests__/config-manager.spec.ts","external_api",133
"https://api.example.com/v1","src/services/code-index/__tests__/config-manager.spec.ts","external_api",137
"https://api.example.com/v1","src/services/code-index/__tests__/config-manager.spec.ts","external_api",159
"http://qdrant.local","src/services/code-index/__tests__/config-manager.spec.ts","external_api",163
"http://qdrant.local","src/services/code-index/__tests__/config-manager.spec.ts","external_api",172
"https://api.example.com/v1","src/services/code-index/__tests__/config-manager.spec.ts","external_api",176
"https://api.example.com/v1","src/services/code-index/__tests__/config-manager.spec.ts","external_api",198
"http://qdrant.local","src/services/code-index/__tests__/config-manager.spec.ts","external_api",202
"http://qdrant.local","src/services/code-index/__tests__/config-manager.spec.ts","external_api",211
"https://api.example.com/v1","src/services/code-index/__tests__/config-manager.spec.ts","external_api",215
"https://api.example.com/v1","src/services/code-index/__tests__/config-manager.spec.ts","external_api",237
"http://qdrant.local","src/services/code-index/__tests__/config-manager.spec.ts","external_api",241
"http://qdrant.local","src/services/code-index/__tests__/config-manager.spec.ts","external_api",251
"http://qdrant.local","src/services/code-index/__tests__/config-manager.spec.ts","external_api",264
"http://ollama.local","src/services/code-index/__tests__/config-manager.spec.ts","external_api",266
"http://qdrant.local","src/services/code-index/__tests__/config-manager.spec.ts","external_api",278
"http://qdrant.local","src/services/code-index/__tests__/config-manager.spec.ts","external_api",292
"http://qdrant.local","src/services/code-index/__tests__/config-manager.spec.ts","external_api",305
"http://qdrant.local","src/services/code-index/__tests__/config-manager.spec.ts","external_api",318
"http://qdrant.local","src/services/code-index/__tests__/config-manager.spec.ts","external_api",338
"http://qdrant.local","src/services/code-index/__tests__/config-manager.spec.ts","external_api",356
"http://old-qdrant.local","src/services/code-index/__tests__/config-manager.spec.ts","external_api",381
"http://new-qdrant.local","src/services/code-index/__tests__/config-manager.spec.ts","external_api",395
"http://qdrant.local","src/services/code-index/__tests__/config-manager.spec.ts","external_api",408
"http://qdrant.local","src/services/code-index/__tests__/config-manager.spec.ts","external_api",422
"http://qdrant.local","src/services/code-index/__tests__/config-manager.spec.ts","external_api",435
"http://old-ollama.local","src/services/code-index/__tests__/config-manager.spec.ts","external_api",437
"http://qdrant.local","src/services/code-index/__tests__/config-manager.spec.ts","external_api",446
"http://new-ollama.local","src/services/code-index/__tests__/config-manager.spec.ts","external_api",448
"http://qdrant.local","src/services/code-index/__tests__/config-manager.spec.ts","external_api",462
"https://old-api.example.com/v1","src/services/code-index/__tests__/config-manager.spec.ts","external_api",465
"http://qdrant.local","src/services/code-index/__tests__/config-manager.spec.ts","external_api",482
"https://new-api.example.com/v1","src/services/code-index/__tests__/config-manager.spec.ts","external_api",485
"http://qdrant.local","src/services/code-index/__tests__/config-manager.spec.ts","external_api",501
"https://api.example.com/v1","src/services/code-index/__tests__/config-manager.spec.ts","external_api",504
"http://qdrant.local","src/services/code-index/__tests__/config-manager.spec.ts","external_api",532
"https://api.example.com/v1","src/services/code-index/__tests__/config-manager.spec.ts","external_api",535
"http://qdrant.local","src/services/code-index/__tests__/config-manager.spec.ts","external_api",553
"https://api.example.com/v1","src/services/code-index/__tests__/config-manager.spec.ts","external_api",556
"http://qdrant.local","src/services/code-index/__tests__/config-manager.spec.ts","external_api",573
"https://api.example.com/v1","src/services/code-index/__tests__/config-manager.spec.ts","external_api",578
"http://qdrant.local","src/services/code-index/__tests__/config-manager.spec.ts","external_api",594
"https://api.example.com/v1","src/services/code-index/__tests__/config-manager.spec.ts","external_api",600
"http://qdrant.local","src/services/code-index/__tests__/config-manager.spec.ts","external_api",615
"https://api.example.com/v1","src/services/code-index/__tests__/config-manager.spec.ts","external_api",618
"http://qdrant.local","src/services/code-index/__tests__/config-manager.spec.ts","external_api",636
"https://api.example.com/v1","src/services/code-index/__tests__/config-manager.spec.ts","external_api",639
"http://qdrant.local","src/services/code-index/__tests__/config-manager.spec.ts","external_api",656
"https://api.example.com/v1","src/services/code-index/__tests__/config-manager.spec.ts","external_api",659
"http://qdrant.local","src/services/code-index/__tests__/config-manager.spec.ts","external_api",677
"https://api.example.com/v1","src/services/code-index/__tests__/config-manager.spec.ts","external_api",680
"http://qdrant.local","src/services/code-index/__tests__/config-manager.spec.ts","external_api",695
"http://different-qdrant.local","src/services/code-index/__tests__/config-manager.spec.ts","external_api",707
"http://ollama.local","src/services/code-index/__tests__/config-manager.spec.ts","external_api",709
"http://qdrant.local","src/services/code-index/__tests__/config-manager.spec.ts","external_api",720
"http://qdrant.local","src/services/code-index/__tests__/config-manager.spec.ts","external_api",730
"http://qdrant.local","src/services/code-index/__tests__/config-manager.spec.ts","external_api",743
"http://qdrant.local","src/services/code-index/__tests__/config-manager.spec.ts","external_api",760
"http://qdrant.local","src/services/code-index/__tests__/config-manager.spec.ts","external_api",774
"http://qdrant.local","src/services/code-index/__tests__/config-manager.spec.ts","external_api",792
"http://qdrant.local","src/services/code-index/__tests__/config-manager.spec.ts","external_api",808
"https://api.example.com/v1","src/services/code-index/__tests__/config-manager.spec.ts","external_api",814
"http://qdrant.local","src/services/code-index/__tests__/config-manager.spec.ts","external_api",830
"http://qdrant.local","src/services/code-index/__tests__/config-manager.spec.ts","external_api",849
"http://qdrant.local","src/services/code-index/__tests__/config-manager.spec.ts","external_api",861
"http://qdrant.local","src/services/code-index/__tests__/config-manager.spec.ts","external_api",874
"http://qdrant.local","src/services/code-index/__tests__/config-manager.spec.ts","external_api",891
"http://qdrant.local","src/services/code-index/__tests__/config-manager.spec.ts","external_api",903
"http://qdrant.local","src/services/code-index/__tests__/config-manager.spec.ts","external_api",916
"http://qdrant.local","src/services/code-index/__tests__/config-manager.spec.ts","external_api",929
"http://qdrant.local","src/services/code-index/__tests__/config-manager.spec.ts","external_api",947
"http://qdrant.local","src/services/code-index/__tests__/config-manager.spec.ts","external_api",958
"http://qdrant.local","src/services/code-index/__tests__/config-manager.spec.ts","external_api",973
"http://qdrant.local","src/services/code-index/__tests__/config-manager.spec.ts","external_api",995
"http://qdrant.local","src/services/code-index/__tests__/config-manager.spec.ts","external_api",1022
"http://qdrant.local","src/services/code-index/__tests__/config-manager.spec.ts","external_api",1041
"http://qdrant.local","src/services/code-index/__tests__/config-manager.spec.ts","external_api",1055
"http://qdrant.local","src/services/code-index/__tests__/config-manager.spec.ts","external_api",1070
"http://ollama.local","src/services/code-index/__tests__/config-manager.spec.ts","external_api",1072
"http://qdrant.local","src/services/code-index/__tests__/config-manager.spec.ts","external_api",1084
"https://api.example.com/v1","src/services/code-index/__tests__/config-manager.spec.ts","external_api",1086
"http://qdrant.local","src/services/code-index/__tests__/config-manager.spec.ts","external_api",1105
"http://qdrant.local","src/services/code-index/__tests__/config-manager.spec.ts","external_api",1125
"https://api.example.com/v1","src/services/code-index/__tests__/config-manager.spec.ts","external_api",1129
"http://qdrant.local","src/services/code-index/__tests__/config-manager.spec.ts","external_api",1145
"http://qdrant.local","src/services/code-index/__tests__/config-manager.spec.ts","external_api",1165
"http://qdrant.local","src/services/code-index/__tests__/config-manager.spec.ts","external_api",1195
"http://qdrant.local","src/services/code-index/__tests__/config-manager.spec.ts","external_api",1218
"http://qdrant.local","src/services/code-index/__tests__/config-manager.spec.ts","external_api",1235
"http://qdrant.local","src/services/code-index/__tests__/config-manager.spec.ts","external_api",1250
"http://qdrant.local","src/services/code-index/__tests__/config-manager.spec.ts","external_api",1270
"http://qdrant.local","src/services/code-index/__tests__/config-manager.spec.ts","external_api",1293
"http://localhost:6333","src/services/code-index/__tests__/manager.spec.ts","local",89
"http://localhost:6333","src/services/code-index/__tests__/manager.spec.ts","local",157
"http://localhost:6333","src/services/code-index/__tests__/manager.spec.ts","local",284
"http://localhost:11434","src/services/code-index/__tests__/service-factory.spec.ts","local",80
"http://localhost:11434","src/services/code-index/__tests__/service-factory.spec.ts","local",90
"http://localhost:11434","src/services/code-index/__tests__/service-factory.spec.ts","local",122
"http://localhost:11434","src/services/code-index/__tests__/service-factory.spec.ts","local",132
"https://api.example.com/v1","src/services/code-index/__tests__/service-factory.spec.ts","external_api",174
"https://api.example.com/v1","src/services/code-index/__tests__/service-factory.spec.ts","external_api",185
"https://api.example.com/v1","src/services/code-index/__tests__/service-factory.spec.ts","external_api",197
"https://api.example.com/v1","src/services/code-index/__tests__/service-factory.spec.ts","external_api",208
"https://api.example.com/v1","src/services/code-index/__tests__/service-factory.spec.ts","external_api",238
"http://localhost:6333","src/services/code-index/__tests__/service-factory.spec.ts","local",333
"http://localhost:6333","src/services/code-index/__tests__/service-factory.spec.ts","local",346
"http://localhost:6333","src/services/code-index/__tests__/service-factory.spec.ts","local",358
"http://localhost:6333","src/services/code-index/__tests__/service-factory.spec.ts","local",371
"http://localhost:6333","src/services/code-index/__tests__/service-factory.spec.ts","local",383
"http://localhost:6333","src/services/code-index/__tests__/service-factory.spec.ts","local",396
"http://localhost:6333","src/services/code-index/__tests__/service-factory.spec.ts","local",412
"http://localhost:6333","src/services/code-index/__tests__/service-factory.spec.ts","local",425
"https://api.example.com/v1","src/services/code-index/__tests__/service-factory.spec.ts","external_api",438
"http://localhost:6333","src/services/code-index/__tests__/service-factory.spec.ts","local",441
"http://localhost:6333","src/services/code-index/__tests__/service-factory.spec.ts","local",454
"http://localhost:6333","src/services/code-index/__tests__/service-factory.spec.ts","local",469
"https://api.example.com/v1","src/services/code-index/__tests__/service-factory.spec.ts","external_api",488
"http://localhost:6333","src/services/code-index/__tests__/service-factory.spec.ts","local",491
"http://localhost:6333","src/services/code-index/__tests__/service-factory.spec.ts","local",508
"http://localhost:6333","src/services/code-index/__tests__/service-factory.spec.ts","local",521
"http://localhost:6333","src/services/code-index/__tests__/service-factory.spec.ts","local",532
"http://localhost:6333","src/services/code-index/__tests__/service-factory.spec.ts","local",545
"http://localhost:6333","src/services/code-index/__tests__/service-factory.spec.ts","local",556
"http://localhost:11434","src/services/code-index/__tests__/service-factory.spec.ts","local",648
"https://api.example.com/v1","src/services/code-index/__tests__/service-factory.spec.ts","external_api",670
"http://localhost:6333","src/services/code-index/config-manager.ts","local",20
"http://localhost:6333","src/services/code-index/config-manager.ts","local",45
"https://generativelanguage.googleapis.com/v1beta/openai/","src/services/code-index/embedders/__tests__/gemini.spec.ts","external_api",28
"http://localhost:11434","src/services/code-index/embedders/__tests__/ollama.spec.ts","local",57
"http://localhost:11434/api/tags","src/services/code-index/embedders/__tests__/ollama.spec.ts","local",110
"http://localhost:11434/api/embed","src/services/code-index/embedders/__tests__/ollama.spec.ts","local",117
"http://localhost:11434","src/services/code-index/embedders/__tests__/ollama.spec.ts","local",130
"http://localhost:11434.","src/services/code-index/embedders/__tests__/ollama.spec.ts","local",145
"http://localhost:11434.","src/services/code-index/embedders/__tests__/ollama.spec.ts","local",160
"http://localhost:11434","src/services/code-index/embedders/__tests__/ollama.spec.ts","local",217
"http://localhost:11434","src/services/code-index/embedders/__tests__/ollama.spec.ts","local",226
"https://api.example.com/v1","src/services/code-index/embedders/__tests__/openai-compatible.spec.ts","external_api",36
"https://myresource.openai.azure.com/openai/deployments/mymodel/embeddings?api-version=2024-02-01","src/services/code-index/embedders/__tests__/openai-compatible.spec.ts","external_api",625
"https://api.openai.com/v1","src/services/code-index/embedders/__tests__/openai-compatible.spec.ts","external_api",626
"https://myresource.openai.azure.com/openai/deployments/mymodel/embeddings?api-version=2024-02-01","src/services/code-index/embedders/__tests__/openai-compatible.spec.ts","external_api",656
"https://myresource.openai.azure.com/openai/deployments/text-embedding-ada-002/embeddings","src/services/code-index/embedders/__tests__/openai-compatible.spec.ts","external_api",659
"https://api.openai.com/v1","src/services/code-index/embedders/__tests__/openai-compatible.spec.ts","external_api",660
"https://api.example.com","src/services/code-index/embedders/__tests__/openai-compatible.spec.ts","external_api",661
"http://localhost:8080","src/services/code-index/embedders/__tests__/openai-compatible.spec.ts","local",662
"https://api.example.com/embeddings-service/v1","src/services/code-index/embedders/__tests__/openai-compatible.spec.ts","external_api",672
"https://embeddings.example.com/api","src/services/code-index/embedders/__tests__/openai-compatible.spec.ts","external_api",673
"https://api.example.com/v1/embeddings-api","src/services/code-index/embedders/__tests__/openai-compatible.spec.ts","external_api",674
"https://my-embeddings-provider.com/v1","src/services/code-index/embedders/__tests__/openai-compatible.spec.ts","external_api",675
"https://deployments.example.com/api","src/services/code-index/embedders/__tests__/openai-compatible.spec.ts","external_api",687
"https://api.deployments.com/v1","src/services/code-index/embedders/__tests__/openai-compatible.spec.ts","external_api",688
"https://my-deployments-service.com/api/v1","src/services/code-index/embedders/__tests__/openai-compatible.spec.ts","external_api",689
"https://deployments-manager.example.com","src/services/code-index/embedders/__tests__/openai-compatible.spec.ts","external_api",690
"https://api.example.com/v1/embeddings","src/services/code-index/embedders/__tests__/openai-compatible.spec.ts","external_api",702
"https://api.example.com/v1/embeddings?api-version=2024","src/services/code-index/embedders/__tests__/openai-compatible.spec.ts","external_api",703
"https://myresource.openai.azure.com/openai/deployments/mymodel/embeddings","src/services/code-index/embedders/__tests__/openai-compatible.spec.ts","external_api",704
"https://api.example.com/embed","src/services/code-index/embedders/__tests__/openai-compatible.spec.ts","external_api",705
"https://api.example.com/embed?version=1","src/services/code-index/embedders/__tests__/openai-compatible.spec.ts","external_api",706
"https://myinstance.openai.azure.com/openai/deployments/my-deployment/embeddings?api-version=2023-05-15","src/services/code-index/embedders/__tests__/openai-compatible.spec.ts","external_api",825
"https://myinstance.openai.azure.com/openai/deployments/my-deployment/embeddings?api-version=2023-05-15","src/services/code-index/embedders/__tests__/openai-compatible.spec.ts","external_api",844
"https://api.example.com/v1/embed","src/services/code-index/embedders/__tests__/openai-compatible.spec.ts","external_api",850
"https://api.example.com/v1/embed","src/services/code-index/embedders/__tests__/openai-compatible.spec.ts","external_api",864
"https://api.openai.com/v1","src/services/code-index/embedders/__tests__/openai-compatible.spec.ts","external_api",868
"https://api.example.com/v1/embeddings","src/services/code-index/embedders/__tests__/openai-compatible.spec.ts","external_api",918
"https://api.example.com/v1/embeddings","src/services/code-index/embedders/__tests__/openai-compatible.spec.ts","external_api",972
"https://generativelanguage.googleapis.com/v1beta/openai/","src/services/code-index/embedders/gemini.ts","external_api",10
"https://generativelanguage.googleapis.com/v1beta/openai/","src/services/code-index/embedders/gemini.ts","external_api",16
"http://localhost:11434","src/services/code-index/embedders/ollama.ts","local",17
"http://mock-qdrant:6333","src/services/code-index/vector-store/__tests__/qdrant-client.spec.ts","external_api",35
"https://qdrant.ashbyfam.com","src/services/code-index/vector-store/__tests__/qdrant-client.spec.ts","external_api",109
"https://qdrant.ashbyfam.com","src/services/code-index/vector-store/__tests__/qdrant-client.spec.ts","external_api",122
"https://example.com:9000","src/services/code-index/vector-store/__tests__/qdrant-client.spec.ts","external_api",126
"https://example.com:9000","src/services/code-index/vector-store/__tests__/qdrant-client.spec.ts","external_api",137
"https://example.com/api/v1?key=value","src/services/code-index/vector-store/__tests__/qdrant-client.spec.ts","external_api",143
"https://example.com/api/v1?key=value","src/services/code-index/vector-store/__tests__/qdrant-client.spec.ts","external_api",156
"http://example.com","src/services/code-index/vector-store/__tests__/qdrant-client.spec.ts","external_api",162
"http://example.com","src/services/code-index/vector-store/__tests__/qdrant-client.spec.ts","external_api",173
"http://localhost:8080","src/services/code-index/vector-store/__tests__/qdrant-client.spec.ts","local",177
"http://localhost:8080","src/services/code-index/vector-store/__tests__/qdrant-client.spec.ts","local",188
"http://example.com/api/v1?key=value","src/services/code-index/vector-store/__tests__/qdrant-client.spec.ts","external_api",194
"http://example.com/api/v1?key=value","src/services/code-index/vector-store/__tests__/qdrant-client.spec.ts","external_api",207
"http://qdrant.example.com","src/services/code-index/vector-store/__tests__/qdrant-client.spec.ts","external_api",223
"http://localhost:6333","src/services/code-index/vector-store/__tests__/qdrant-client.spec.ts","local",237
"http://localhost:9000","src/services/code-index/vector-store/__tests__/qdrant-client.spec.ts","local",241
"http://localhost:9000","src/services/code-index/vector-store/__tests__/qdrant-client.spec.ts","local",251
"http://192.168.1.100","src/services/code-index/vector-store/__tests__/qdrant-client.spec.ts","external_api",267
"http://192.168.1.100:6333","src/services/code-index/vector-store/__tests__/qdrant-client.spec.ts","external_api",281
"http://localhost:6333","src/services/code-index/vector-store/__tests__/qdrant-client.spec.ts","local",297
"http://localhost:6333","src/services/code-index/vector-store/__tests__/qdrant-client.spec.ts","local",311
"http://localhost:6333","src/services/code-index/vector-store/__tests__/qdrant-client.spec.ts","local",325
"http://invalid-url-format","src/services/code-index/vector-store/__tests__/qdrant-client.spec.ts","external_api",341
"http://localhost:6333/some/path","src/services/code-index/vector-store/__tests__/qdrant-client.spec.ts","local",350
"http://localhost:6333/some/path","src/services/code-index/vector-store/__tests__/qdrant-client.spec.ts","local",363
"http://localhost:6333/","src/services/code-index/vector-store/__tests__/qdrant-client.spec.ts","local",369
"http://localhost:6333/","src/services/code-index/vector-store/__tests__/qdrant-client.spec.ts","local",382
"https://qdrant.ashbyfam.com/api","src/services/code-index/vector-store/__tests__/qdrant-client.spec.ts","external_api",388
"https://qdrant.ashbyfam.com/api","src/services/code-index/vector-store/__tests__/qdrant-client.spec.ts","external_api",401
"http://localhost:6333/api/","src/services/code-index/vector-store/__tests__/qdrant-client.spec.ts","local",407
"http://localhost:6333/api/","src/services/code-index/vector-store/__tests__/qdrant-client.spec.ts","local",420
"http://localhost:6333/api///","src/services/code-index/vector-store/__tests__/qdrant-client.spec.ts","local",426
"http://localhost:6333/api///","src/services/code-index/vector-store/__tests__/qdrant-client.spec.ts","local",439
"http://localhost:6333/api/v1/qdrant","src/services/code-index/vector-store/__tests__/qdrant-client.spec.ts","local",445
"http://localhost:6333/api/v1/qdrant","src/services/code-index/vector-store/__tests__/qdrant-client.spec.ts","local",458
"https://example.com/ollama/api/v1///?key=value#pos","src/services/code-index/vector-store/__tests__/qdrant-client.spec.ts","external_api",462
"http://localhost:6333/api/path?key=value#fragment","src/services/code-index/vector-store/__tests__/qdrant-client.spec.ts","local",480
"http://localhost:6333/api/path?key=value#fragment","src/services/code-index/vector-store/__tests__/qdrant-client.spec.ts","local",494
"http://localhost:6333","src/services/code-index/vector-store/qdrant-client.ts","local",19
"http://localhost:6333","src/services/code-index/vector-store/qdrant-client.ts","local",92
"http://$","src/services/code-index/vector-store/qdrant-client.ts","external_api",121
"http://$","src/services/code-index/vector-store/qdrant-client.ts","external_api",124
"https://test.api.com","src/services/marketplace/__tests__/MarketplaceManager.spec.ts","external_api",12
"https://example.com/test-mcp","src/services/marketplace/__tests__/MarketplaceManager.spec.ts","external_api",122
"https://example.com/test-mcp","src/services/marketplace/__tests__/MarketplaceManager.spec.ts","external_api",211
"https://example.com/test-mcp","src/services/marketplace/__tests__/MarketplaceManager.spec.ts","external_api",252
"https://test.api.com","src/services/marketplace/__tests__/RemoteConfigLoader.spec.ts","external_api",13
"https://github.com/test/test-mcp","src/services/marketplace/__tests__/RemoteConfigLoader.spec.ts","external_api",38
"https://test.api.com/api/marketplace/modes","src/services/marketplace/__tests__/RemoteConfigLoader.spec.ts","external_api",55
"https://test.api.com/api/marketplace/mcps","src/services/marketplace/__tests__/RemoteConfigLoader.spec.ts","external_api",65
"https://github.com/test/test-mcp","src/services/marketplace/__tests__/RemoteConfigLoader.spec.ts","external_api",88
"https://github.com/test/test-mcp","src/services/marketplace/__tests__/RemoteConfigLoader.spec.ts","external_api",104
"https://github.com/test/test-mcp","src/services/marketplace/__tests__/RemoteConfigLoader.spec.ts","external_api",185
"https://github.com/test/test-mcp","src/services/marketplace/__tests__/RemoteConfigLoader.spec.ts","external_api",215
"https://github.com/test/test-mcp","src/services/marketplace/__tests__/RemoteConfigLoader.spec.ts","external_api",245
"https://example.com/mcp","src/services/marketplace/__tests__/SimpleInstaller.spec.ts","external_api",131
"https://example.com/test-mcp","src/services/marketplace/__tests__/marketplace-setting-check.spec.ts","external_api",62
"https://github.com/example/mcp","src/services/marketplace/__tests__/nested-parameters.spec.ts","external_api",61
"https://github.com/example/mcp","src/services/marketplace/__tests__/nested-parameters.spec.ts","external_api",117
"https://github.com/example/mcp","src/services/marketplace/__tests__/nested-parameters.spec.ts","external_api",145
"https://github.com/example/mcp","src/services/marketplace/__tests__/nested-parameters.spec.ts","external_api",175
"https://github.com/example/mcp","src/services/marketplace/__tests__/nested-parameters.spec.ts","external_api",198
"https://nodejs.org/dist","src/services/mcp/__tests__/McpHub.spec.ts","external_api",1143
"https://nodejs.org/dist","src/services/mcp/__tests__/McpHub.spec.ts","external_api",1161
"https://clerk.roocode.com","src/services/mdm/__tests__/MdmService.spec.ts","external_api",24
"https://dev.clerk.roocode.com","src/services/mdm/__tests__/MdmService.spec.ts","external_api",85
"https://dev.clerk.roocode.com","src/services/mdm/__tests__/MdmService.spec.ts","external_api",97
"https://dev.clerk.roocode.com","src/services/mdm/__tests__/MdmService.spec.ts","external_api",179
"https://dev.clerk.roocode.com","src/services/mdm/__tests__/MdmService.spec.ts","external_api",201
"https://dev.clerk.roocode.com","src/services/mdm/__tests__/MdmService.spec.ts","external_api",223
"https://dev.clerk.roocode.com","src/services/mdm/__tests__/MdmService.spec.ts","external_api",234
"https://github.com/DiscreteTom/vscode-ripgrep-utils","src/services/ripgrep/index.ts","external_api",11
"https://fonts.googleapis.com/css2?family=Open+Sans:wght@400;700&display=swap","src/services/tree-sitter/__tests__/fixtures/sample-css.ts","external_api",11
"https://fonts.googleapis.com/css2?family=Roboto:wght@300;400;500;700&display=swap","src/services/tree-sitter/__tests__/fixtures/sample-css.ts","external_api",12
"https://fonts.googleapis.com/css2?family=Lato:wght@300;400;700&display=swap","src/services/tree-sitter/__tests__/fixtures/sample-css.ts","external_api",13
"http://example.com/path/to/resource","src/services/tree-sitter/__tests__/fixtures/sample-json.ts","external_api",106
"https://example.com)","src/services/tree-sitter/__tests__/markdownParser.spec.ts","external_api",175
"https://example.com)","src/services/tree-sitter/__tests__/markdownParser.spec.ts","external_api",187
"https://github.com/tree-sitter/node-tree-sitter/blob/master/test/query_test.js","src/services/tree-sitter/index.ts","external_api",244
"https://github.com/tree-sitter/tree-sitter/blob/master/lib/binding_web/test/query-test.js","src/services/tree-sitter/index.ts","external_api",245
"https://github.com/tree-sitter/tree-sitter/blob/master/lib/binding_web/test/helper.js","src/services/tree-sitter/index.ts","external_api",246
"https://tree-sitter.github.io/tree-sitter/code-navigation-systems","src/services/tree-sitter/index.ts","external_api",247
"https://github.com/tree-sitter/node-tree-sitter/issues/169","src/services/tree-sitter/languageParser.ts","external_api",72
"https://github.com/tree-sitter/node-tree-sitter/issues/168","src/services/tree-sitter/languageParser.ts","external_api",73
"https://github.com/Gregoor/tree-sitter-wasms/blob/main/README.md","src/services/tree-sitter/languageParser.ts","external_api",74
"https://github.com/tree-sitter/tree-sitter/blob/master/lib/binding_web/README.md","src/services/tree-sitter/languageParser.ts","external_api",75
"https://github.com/tree-sitter/tree-sitter/blob/master/lib/binding_web/test/query-test.js","src/services/tree-sitter/languageParser.ts","external_api",76
"http://example.com","src/shared/__tests__/context-mentions.spec.ts","external_api",18
"http://example.com","src/shared/__tests__/context-mentions.spec.ts","external_api",18
"https://example.com/path?query=1","src/shared/__tests__/context-mentions.spec.ts","external_api",19
"https://example.com/path?query=1","src/shared/__tests__/context-mentions.spec.ts","external_api",19
"https://example.com.","src/shared/__tests__/context-mentions.spec.ts","external_api",34
"https://example.com","src/shared/__tests__/context-mentions.spec.ts","external_api",34
"https://example.com","src/shared/__tests__/context-mentions.spec.ts","external_api",47
"https://example.com","src/utils/__tests__/config.spec.ts","external_api",29
"https://example.com","src/utils/__tests__/config.spec.ts","external_api",54
"https://example.com","src/utils/__tests__/config.spec.ts","external_api",59
"https://example.com","src/utils/__tests__/config.spec.ts","external_api",68
"https://api.example.com","src/utils/__tests__/config.spec.ts","external_api",240
"https://api.example.com","src/utils/__tests__/config.spec.ts","external_api",247
"https://api.openai.com/v1","src/utils/__tests__/enhance-prompt.spec.ts","external_api",18
"https://github.com/RooCodeInc/Roo-Code.git","src/utils/__tests__/git.spec.ts","external_api",436
"https://github.com/RooCodeInc/Roo-Code.git","src/utils/__tests__/git.spec.ts","external_api",458
"https://github.com/RooCodeInc/Roo-Code.git","src/utils/__tests__/git.spec.ts","external_api",549
"https://github.com/RooCodeInc/Roo-Code.git","src/utils/__tests__/git.spec.ts","external_api",560
"https://github.com/RooCodeInc/Roo-Code.git","src/utils/__tests__/git.spec.ts","external_api",605
"https://github.com/RooCodeInc/Roo-Code.git","src/utils/__tests__/git.spec.ts","external_api",614
"https://github.com/RooCodeInc/Roo-Code.git","src/utils/__tests__/git.spec.ts","external_api",617
"https://github.com/RooCodeInc/Roo-Code.git","src/utils/__tests__/git.spec.ts","external_api",624
"https://github.com/RooCodeInc/Roo-Code.git","src/utils/__tests__/git.spec.ts","external_api",631
"https://github.com/RooCodeInc/Roo-Code.git","src/utils/__tests__/git.spec.ts","external_api",638
"https://username:password@github.com/RooCodeInc/Roo-Code.git","src/utils/__tests__/git.spec.ts","external_api",651
"https://github.com/RooCodeInc/Roo-Code.git","src/utils/__tests__/git.spec.ts","external_api",654
"https://oauth2:ghp_abcdef1234567890abcdef1234567890abcdef@github.com/RooCodeInc/Roo-Code.git","src/utils/__tests__/git.spec.ts","external_api",672
"https://github.com/RooCodeInc/Roo-Code.git","src/utils/__tests__/git.spec.ts","external_api",675
"https://github.com/RooCodeInc/Roo-Code.git","src/utils/__tests__/git.spec.ts","external_api",688
"https://github.com/RooCodeInc/Roo-Code","src/utils/__tests__/git.spec.ts","external_api",695
"https://username:password@github.com/RooCodeInc/Roo-Code.git","src/utils/__tests__/git.spec.ts","external_api",723
"https://github.com/RooCodeInc/Roo-Code.git","src/utils/__tests__/git.spec.ts","external_api",763
"https://github.com/RooCodeInc/Roo-Code.git","src/utils/__tests__/git.spec.ts","external_api",780
"https://example.com?param1=value&amp;param2=value&quot;&gt;Link&lt;/a&gt;","src/utils/__tests__/text-normalization.spec.ts","external_api",56
"https://example.com?param1=value&param2=value","src/utils/__tests__/text-normalization.spec.ts","external_api",58
"https://code.visualstudio.com/docs/reference/variables-reference#_environment-variables","src/utils/config.ts","documentation",16
"https://code.visualstudio.com/docs/reference/variables-reference#_environment-variables","src/utils/config.ts","documentation",27
"https://github.com/user/repo.git","src/utils/git.ts","external_api",104
"https://$","src/utils/git.ts","external_api",109
"https://github.com/user/repo.git","src/utils/git.ts","external_api",113
"https://$","src/utils/git.ts","external_api",118
"https://github.com/user/repo.git","src/utils/git.ts","external_api",168